Project,area_um2,power_mW,energy_nj,cycles,pareto_optimal
Conv2x2-conv-i24-h13-t08-o4-m04-stream08-prefetch8-rowconst4-trunc-column-nbits16-cin3-cout12,11899.682,3.22691,478.86053636,74198,True
Conv2x2-conv-i24-h13-t08-o4-m08-stream08-prefetch8-rowconst4-trunc-column-nbits16-cin3-cout12,15124.401,4.08573,473.92833708,57998,True
Conv3x3-conv-ifn9-i40-h15-t12-o9-m06-stream12-prefetch15-rowconst6-trunc-column-nbits16-cin3-cout12,19111.43,4.29459,379.1264052,44140,True
Conv3x3-conv-ifn9-i40-h21-t24-o9-m12-stream12-prefetch15-rowconst6-trunc-column-nbits16-cin3-cout12,24203.478,5.40972,360.7201296,33340,True
Conv3x3-conv-ifn9-i40-h27-t36-o9-m18-stream12-prefetch15-rowconst6-trunc-column-nbits16-cin3-cout12,32709.42,7.07957,421.0928236,29740,True
Conv3x3-conv-tcn9-i40-h14-t10-o9-m05-stream10-prefetch15-rowconst5-trunc-column-nbits16-cin3-cout12,38454.523,4.43671,359.7284468,40540,True
Conv4x4-conv-tcn16-i60-h15-t12-o16-m06-stream12-prefetch24-pretransformed-column-cin3-cout12,35648.347,7.68518,474.28319852,30857,False
Conv4x4-conv-tcn16-i60-h15-t12-o16-m06-stream12-prefetch24-rowconst6-trunc-frac6-column-cin3-cout12,116664.612,10.0019,615.0968462,30749,False
Conv4x4-conv-tcn16-i60-h21-t24-o16-m12-stream12-prefetch24-pretransformed-column-cin3-cout12,44336.142,10.081,482.77909,23945,True
Conv4x4-conv-tcn16-i60-h21-t24-o16-m12-stream12-prefetch24-rowconst6-trunc-frac6-column-cin3-cout12,126039.543,12.5274,597.2312676,23837,False
Conv4x4-conv-tcn16-i60-h27-t36-o16-m18-stream12-prefetch24-pretransformed-column-cin3-cout12,52997.679,11.7427,508.2475414,21641,False
Conv4x4-conv-tcn16-i60-h27-t36-o16-m18-stream12-prefetch24-rowconst6-trunc-frac6-column-cin3-cout12,141341.641,14.2595,614.0996269999999,21533,False
Conv4x4-conv-wpn16-i60-h17-t16-o16-m08-stream16-prefetch24-rowconst8-trunc-column-nbits16-cin3-cout12,29328.596,6.01371,425.25348894,35357,False
Conv4x4-conv-wpn16-i60-h25-t32-o16-m16-stream16-prefetch24-rowconst8-trunc-column-nbits16-cin3-cout12,37742.14,8.41185,439.7883417,26141,True
Conv4x4-conv-wpn16-i60-h41-t64-o16-m32-stream16-prefetch24-rowconst8-trunc-column-nbits16-cin3-cout12,50786.357,9.55099,411.32293534,21533,True
