architecture	configuration	period_ns	logical	functional_sim	power	evidence
2x2	conv-i16-h16-t16-o4-m08-std	2.000	PASS	PASS	PASS	re-run
2x2	conv-i16-h13-t08-o4-m08-stream08-wstream4	2.000	PASS	PASS	PASS	re-run
2x2	conv-i16-h16-t00-o4-m08-stream00	2.000	PASS	PASS	PASS	re-run
2x2	conv-i16-h16-t00-o4-m16-all	2.000	PASS	PASS	PASS	re-run
2x2	conv-i16-h16-t04-o4-m08-stream04	2.000	PASS	PASS	PASS	re-run
2x2	conv-i16-h16-t08-o4-m08-stream08	2.000	PASS	PASS	PASS	re-run
2x2	conv-i20-h13-t08-o4-m08-stream08-prefetch4-rowconst4	2.000	PASS	PASS	PASS	re-run
2x2	conv-i20-h16-t08-o4-m08-stream08-prefetch4	2.000	PASS	PASS	PASS	re-run
3x3	asic-sweep-20261003-ifn9-m06	2.000	PASS	PASS	PASS	previously-verified
3x3	asic-sweep-20261003-ifn9-m12	2.000	PASS	PASS	PASS	previously-verified
3x3	asic-sweep-20261003-ifn9-m18	2.000	PASS	PASS	PASS	previously-verified
3x3	asic-sweep-20261003-tcn9-m05	2.000	PASS	PASS	PASS	previously-verified
3x3	conv/ifn9-06mac	2.000	PASS	PASS	PASS	re-run
4x4	asic-sweep-20261003-tcn16-m06	2.000	PASS	PASS	PASS	previously-verified
4x4	asic-sweep-20261003-tcn16-m12	2.000	PASS	PASS	PASS	previously-verified
4x4	asic-sweep-20261003-tcn16-m18	2.000	PASS	PASS	PASS	previously-verified
4x4	asic-sweep-20261003-wpn16-m08	2.000	PASS	PASS	PASS	previously-verified
4x4	asic-sweep-20261003-wpn16-m16	2.000	PASS	PASS	PASS	previously-verified
4x4	asic-sweep-20261003-wpn16-m32	2.000	PASS	PASS	PASS	previously-verified
4x4	conv/tcn16-18mac	2.000	PASS	PASS	PASS	re-run
