Project,energy_nj,energy_per_pixel_nj,energy_per_mac_nj,energy_per_cycle_nj
Conv4x4-conv-tcn16-i60-h15-t12-o16-m06-stream12-prefetch24-pretransformed-column-cin3-cout12,474.28319852,0.5639514845659929,0.09399191409433214,0.01537036
Conv4x4-conv-tcn16-i60-h15-t12-o16-m06-stream12-prefetch24-rowconst6-trunc-frac6-column-cin3-cout12,615.0968462,0.7313874508917955,0.12189790848196591,0.0200038
Conv4x4-conv-tcn16-i60-h21-t24-o16-m12-stream12-prefetch24-pretransformed-column-cin3-cout12,482.77909,0.5740536147443519,0.047837801228696,0.020162
Conv4x4-conv-tcn16-i60-h21-t24-o16-m12-stream12-prefetch24-rowconst6-trunc-frac6-column-cin3-cout12,597.2312676,0.7101441945303211,0.059178682877526756,0.025054800000000002
Conv4x4-conv-tcn16-i60-h27-t36-o16-m18-stream12-prefetch24-pretransformed-column-cin3-cout12,508.2475414,0.6043371479191438,0.03357428599550799,0.0234854
Conv4x4-conv-tcn16-i60-h27-t36-o16-m18-stream12-prefetch24-rowconst6-trunc-frac6-column-cin3-cout12,614.0996269999999,0.7302016967895362,0.04056676093275201,0.028518999999999996
Conv4x4-conv-wpn16-i60-h17-t16-o16-m08-stream16-prefetch24-rowconst8-trunc-column-nbits16-cin3-cout12,425.25348894,0.5056521866111772,0.06320652332639715,0.01202742
Conv4x4-conv-wpn16-i60-h25-t32-o16-m16-stream16-prefetch24-rowconst8-trunc-column-nbits16-cin3-cout12,439.7883417,0.5229350079667063,0.032683437997919146,0.0168237
Conv4x4-conv-wpn16-i60-h41-t64-o16-m32-stream16-prefetch24-rowconst8-trunc-column-nbits16-cin3-cout12,411.32293534,0.48908791360285375,0.01528399730008918,0.01910198
