nome,mult,Project,cycles,Total Area um^2,Subtotal,energy_nj,delta_cycles,delta_area_um2,delta_power_mW,delta_energy_nj
Conv4x4,8,Conv4x4-conv-wpn16-i60-h17-t16-o16-m08-stream16-prefetch24-rowconst8-trunc-column-nbits16-cin3-cout12,35357,29328.596,6.01371,425.25348894,,,,
Conv4x4,16,Conv4x4-conv-wpn16-i60-h25-t32-o16-m16-stream16-prefetch24-rowconst8-trunc-column-nbits16-cin3-cout12,26141,37742.14,8.41185,439.7883417,-9216.0,8413.543999999998,2.3981399999999997,14.534852759999978
Conv4x4,32,Conv4x4-conv-wpn16-i60-h41-t64-o16-m32-stream16-prefetch24-rowconst8-trunc-column-nbits16-cin3-cout12,21533,50786.357,9.55099,411.32293534,-4608.0,13044.217000000004,1.1391400000000012,-28.465406359999974
Conv4x4-conv,6,Conv4x4-conv-tcn16-i60-h15-t12-o16-m06-stream12-prefetch24-pretransformed-column-cin3-cout12,30857,35648.347,7.68518,474.28319852,,,,
Conv4x4-conv,6,Conv4x4-conv-tcn16-i60-h15-t12-o16-m06-stream12-prefetch24-rowconst6-trunc-frac6-column-cin3-cout12,30749,116664.612,10.0019,615.0968462,-108.0,81016.26499999998,2.3167199999999992,140.81364767999997
Conv4x4-conv,12,Conv4x4-conv-tcn16-i60-h21-t24-o16-m12-stream12-prefetch24-pretransformed-column-cin3-cout12,23945,44336.142,10.081,482.77909,-6804.0,-72328.47,0.07910000000000039,-132.31775619999996
Conv4x4-conv,12,Conv4x4-conv-tcn16-i60-h21-t24-o16-m12-stream12-prefetch24-rowconst6-trunc-frac6-column-cin3-cout12,23837,126039.543,12.5274,597.2312676,-108.0,81703.40100000001,2.4464000000000006,114.45217760000003
Conv4x4-conv,18,Conv4x4-conv-tcn16-i60-h27-t36-o16-m18-stream12-prefetch24-pretransformed-column-cin3-cout12,21641,52997.679,11.7427,508.2475414,-2196.0,-73041.864,-0.7847000000000008,-88.98372620000004
Conv4x4-conv,18,Conv4x4-conv-tcn16-i60-h27-t36-o16-m18-stream12-prefetch24-rowconst6-trunc-frac6-column-cin3-cout12,21533,141341.641,14.2595,614.0996269999999,-108.0,88343.962,2.5168,105.85208559999995
