Project,nome,mult,side,extra,time_ns,cycles,Cell Count,Cell Area um^2,Net Area um^2,Total Area um^2,Flop Count,memory,register,latch,logic,bbox,clock,pad,pm,Subtotal,size,energy_nj
Conv4x4-conv-tcn16-i60-h15-t12-o16-m06-stream12-prefetch24-pretransformed-frac6-column-cin3-cout12,Conv4x4-conv,06,32,,61714.0,30857,20411,26394.732,10401.909,36796.641,3052,0.0,2.41104,0.0,6.07506,0.0,0.20538,0.0,0.0,8.69148,1024,536.3859967200001
Conv4x4-conv-tcn16-i60-h15-t12-o16-m06-stream12-prefetch24-rowconst6-trunc-frac6-column-cin3-cout12,Conv4x4-conv,06,32,,61498.0,30749,72036,86215.752,30448.86,116664.612,2550,0.0,2.53121,0.0,7.26826,0.0,0.202393,0.0,0.0,10.0019,1024,615.0968462
Conv4x4-conv-tcn16-i60-h21-t24-o16-m12-stream12-prefetch24-pretransformed-frac6-column-cin3-cout12,Conv4x4-conv,12,32,,47890.0,23945,26121,33230.862,13405.931,46636.793,3408,0.0,2.95524,0.0,7.90716,0.0,0.212773,0.0,0.0,11.0752,1024,530.3913279999999
Conv4x4-conv-tcn16-i60-h21-t24-o16-m12-stream12-prefetch24-rowconst6-trunc-frac6-column-cin3-cout12,Conv4x4-conv,12,32,,47674.0,23837,77739,92537.55,33501.993,126039.543,2942,0.0,3.05941,0.0,9.25916,0.0,0.208806,0.0,0.0,12.5274,1024,597.2312676
Conv4x4-conv-tcn16-i60-h27-t36-o16-m18-stream12-prefetch24-pretransformed-frac6-column-cin3-cout12,Conv4x4-conv,18,32,,43282.0,21641,33979,41071.968,17693.398,58765.366,3771,0.0,3.10302,0.0,8.82968,0.0,0.212686,0.0,0.0,12.1454,1024,525.6772027999999
Conv4x4-conv-tcn16-i60-h27-t36-o16-m18-stream12-prefetch24-rowconst6-trunc-frac6-column-cin3-cout12,Conv4x4-conv,18,32,,43066.0,21533,86776,102774.672,38566.969,141341.641,3341,0.0,3.19841,0.0,10.8506,0.0,0.210513,0.0,0.0,14.2595,1024,614.0996269999999
Conv4x4-conv-wpn16-i60-h17-t16-o16-m08-stream16-prefetch24-rowconst8-trunc-column-nbits16-cin3-cout12,Conv4x4,08,32,,70714.0,35357,16871,21204.414,8124.182,29328.596,2147,0.0,2.03342,0.0,3.79448,0.0,0.185806,0.0,0.0,6.01371,1024,425.25348893999995
Conv4x4-conv-wpn16-i60-h25-t32-o16-m16-stream16-prefetch24-rowconst8-trunc-column-nbits16-cin3-cout12,Conv4x4,16,32,,52282.0,26141,22147,26942.328,10799.812,37742.14,2496,0.0,2.5569,0.0,5.66513,0.0,0.189826,0.0,0.0,8.41185,1024,439.7883417
Conv4x4-conv-wpn16-i60-h41-t64-o16-m32-stream16-prefetch24-rowconst8-trunc-column-nbits16-cin3-cout12,Conv4x4,32,32,,43066.0,21533,29044,36360.324,14426.033,50786.357,3195,0.0,2.94654,0.0,6.40342,0.0,0.201026,0.0,0.0,9.55099,1024,411.32293534
