row_scope,experiment,architecture,algorithm,variant,instances,macs_per_instance,total_dsp,nbits,target_mhz,wns_ns,tns_ns,timing_pass_317mhz,lut,lut_device_pct,ff,ff_device_pct,bram_tiles,p3f_valid,p3f_typ_dynamic_w,p3f_typ_device_static_w,p3f_typ_total_w,p3f_max_dynamic_w,p3f_max_device_static_w,p3f_max_total_w,p3f_top_saif_coverage_pct,p3f_confidence,functional_check,output_writes,final_outputs,golden_mismatches,active_cycles,throughput_gops_at_target,dynamic_energy_uj_per_job,total_energy_uj_per_job,source_commit,source_reference
single_core_P3F,conv2x2_scalar_column,Conv2x2,TCn4,std_scalar,1,8,8,20,317,0.221,,true,2087,0.91,1266,0.27,0,yes,0.281,0.593,0.874,0.281,0.814,1.095,100.00,High,golden_PASS,8100,2700,0,23648,1.954440,20.9624,65.1998,ced7840ba8faf8353ed1675742294411ebd3dc44,rtl/conv2x2/fpga_zcu104/column_power_comparison/results.csv#std_scalar
single_core_P3F,conv2x2_scalar_column,Conv2x2,TCn4,std_column,1,8,8,20,317,0.166,,true,2143,0.93,1263,0.27,0,yes,0.452,0.594,1.046,0.452,0.817,1.269,100.00,High,golden_PASS,8100,2700,0,10578,4.369314,15.0828,34.9041,ced7840ba8faf8353ed1675742294411ebd3dc44,rtl/conv2x2/fpga_zcu104/column_power_comparison/results.csv#std_column
single_core_P3F,conv2x2_scalar_column,Conv2x2,TCn4,prefetch8-rowconst4_scalar,1,8,8,20,317,-2.322,,false,4503,1.95,1244,0.27,0,yes,0.246,0.593,0.839,0.246,0.814,1.059,100.00,High,golden_PASS,8100,2700,0,21865,,,,ced7840ba8faf8353ed1675742294411ebd3dc44,rtl/conv2x2/fpga_zcu104/column_power_comparison/results.csv#prefetch8-rowconst4_scalar
single_core_P3F,conv2x2_scalar_column,Conv2x2,TCn4,prefetch8-rowconst4_column,1,8,8,20,317,-2.242,,false,4719,2.05,1247,0.27,0,yes,0.537,0.595,1.132,0.537,0.818,1.355,100.00,High,golden_PASS,8100,2700,0,10730,,,,ced7840ba8faf8353ed1675742294411ebd3dc44,rtl/conv2x2/fpga_zcu104/column_power_comparison/results.csv#prefetch8-rowconst4_column
single_core_P3F,ifn9_explore_postroute_physopt,Conv3x3,IFN9,m06_explore_postroute_physopt,1,6,6,20,317,0.094,0,true,4721,2.05,1885,0.41,0,yes,0.557,0.595,1.152,0.557,0.818,1.375,100.00,High,golden_PASS,8100,2700,0,11038,4.187226,19.3948,40.1129,149bd5be16c78ab9df405f4f0b1c06c48a25c990,rtl/conv3x3/fpga_zcu104/results/ifn9-explore-149bd5be.md
single_core_P3F,ifn9_explore_postroute_physopt,Conv3x3,IFN9,m12_explore_postroute_physopt,1,12,12,20,317,0.099,0,true,5513,2.39,2251,0.49,0,yes,0.762,0.596,1.357,0.762,0.821,1.583,100.00,High,golden_PASS,8100,2700,0,8338,5.543128,20.0428,35.6930,149bd5be16c78ab9df405f4f0b1c06c48a25c990,rtl/conv3x3/fpga_zcu104/results/ifn9-explore-149bd5be.md
single_core_P3F,ifn9_explore_postroute_physopt,Conv3x3,IFN9,m18_explore_postroute_physopt,1,18,18,20,317,-0.224,-52.29,false,7992,3.47,2693,0.58,0,yes,0.881,0.596,1.478,0.881,0.823,1.704,100.00,High,golden_PASS,8100,2700,0,7438,,,,149bd5be16c78ab9df405f4f0b1c06c48a25c990,rtl/conv3x3/fpga_zcu104/results/ifn9-explore-149bd5be.md
single_core_P3F,ifn9_netdelay_high,Conv3x3,IFN9,m18_netdelay_high,1,18,18,20,317,0.084,0,true,7782,3.38,2623,0.57,0,yes,0.818,0.596,1.414,0.818,0.822,1.64,100.00,High,golden_PASS,8100,2700,0,7438,6.213848,19.1933,33.1777,231d0dcf357fcf86c6faf862be2a16d515e1d2b4,rtl/conv3x3/fpga_zcu104/results/ifn9-netdelay-high-231d0dcf.md
single_core_P3F,wpn16_nbits16_corrected,Conv4x4,WPN16,m08_corrected,1,8,8,16,317,0.025,0,true,6899,2.99,2080,0.45,0,yes,0.573,0.595,1.168,0.573,0.818,1.392,100.00,High,golden_PASS,8100,2700,0,8843,5.226575,15.9844,32.5824,ae16c90e22bd3e6e95455cec48e5c4907527b424,rtl/conv4x4/fpga_zcu104/results/wpn16-8-16-32-nbits16-ae16c90e.md
single_core_P3F,wpn16_nbits16_corrected,Conv4x4,WPN16,m16_corrected,1,16,16,16,317,0.009,0,true,7450,3.23,2306,0.50,0,yes,0.722,0.595,1.317,0.722,0.82,1.542,100.00,High,golden_PASS,8100,2700,0,6539,7.068145,14.8932,27.1668,ae16c90e22bd3e6e95455cec48e5c4907527b424,rtl/conv4x4/fpga_zcu104/results/wpn16-8-16-32-nbits16-ae16c90e.md
single_core_P3F,wpn16_nbits16_corrected,Conv4x4,WPN16,m32_corrected,1,32,32,16,317,-0.009,-0.009,false,7639,3.32,3105,0.67,0,yes,0.773,0.596,1.369,0.773,0.821,1.595,100.00,High,golden_PASS,8100,2700,0,5387,,,,ae16c90e22bd3e6e95455cec48e5c4907527b424,rtl/conv4x4/fpga_zcu104/results/wpn16-8-16-32-nbits16-ae16c90e.md
replicated_OOC,ifn9_capacity_23da4e19,Conv3x3,IFN9,ifn9_OOC,1,6,6,20,317,0.121,0.000,true,4761,2.07,1885,0.41,0,not_run_OOC_only,,,,,,,,,not_simulated_replicated,,,,,,,,23da4e19,rtl/stream-column/fpga_zcu104/multicore/results/23da4e19/ifn9_1/
replicated_OOC,ifn9_capacity_23da4e19,Conv3x3,IFN9,ifn9_OOC,16,6,96,20,317,0.021,0.000,true,76958,33.40,30224,6.56,0,not_run_OOC_only,,,,,,,,,not_simulated_replicated,,,,,,,,23da4e19,rtl/stream-column/fpga_zcu104/multicore/results/23da4e19/ifn9_16/
replicated_OOC,ifn9_capacity_23da4e19,Conv3x3,IFN9,ifn9_OOC,18,6,108,20,317,0.003,0.000,true,86962,37.74,34002,7.38,0,not_run_OOC_only,,,,,,,,,not_simulated_replicated,,,,,,,,23da4e19,rtl/stream-column/fpga_zcu104/multicore/results/23da4e19/ifn9_18/
replicated_OOC,ifn9_capacity_23da4e19,Conv3x3,IFN9,ifn9_OOC,20,6,120,20,317,0.023,0.000,true,96538,41.90,37780,8.20,0,not_run_OOC_only,,,,,,,,,not_simulated_replicated,,,,,,,,23da4e19,rtl/stream-column/fpga_zcu104/multicore/results/23da4e19/ifn9_20/
replicated_OOC,ifn9_capacity_23da4e19,Conv3x3,IFN9,ifn9_OOC,21,6,126,20,317,-0.127,-5.485,false,101513,44.06,39669,8.61,0,not_run_OOC_only,,,,,,,,,not_simulated_replicated,,,,,,,,23da4e19,rtl/stream-column/fpga_zcu104/multicore/results/23da4e19/ifn9_21/
replicated_OOC,ifn9_capacity_23da4e19,Conv3x3,IFN9,ifn9_OOC,22,6,132,20,317,-0.12,-0.636,false,106104,46.05,41558,9.02,0,not_run_OOC_only,,,,,,,,,not_simulated_replicated,,,,,,,,23da4e19,rtl/stream-column/fpga_zcu104/multicore/results/23da4e19/ifn9_22/
replicated_OOC,ifn9_capacity_23da4e19,Conv3x3,IFN9,ifn9_OOC,23,6,138,20,317,-0.008,-0.013,false,111556,48.42,43447,9.43,0,not_run_OOC_only,,,,,,,,,not_simulated_replicated,,,,,,,,23da4e19,rtl/stream-column/fpga_zcu104/multicore/results/23da4e19/ifn9_23/
replicated_OOC,ifn9_capacity_23da4e19,Conv3x3,IFN9,ifn9_OOC,24,6,144,20,317,-0.081,-1.221,false,116644,50.63,45347,9.84,0,not_run_OOC_only,,,,,,,,,not_simulated_replicated,,,,,,,,23da4e19,rtl/stream-column/fpga_zcu104/multicore/results/23da4e19/ifn9_24/
replicated_OOC,ifn9_capacity_23da4e19,Conv3x3,IFN9,ifn9_OOC,8,6,48,20,317,0.023,0.000,true,38545,16.73,15112,3.28,0,not_run_OOC_only,,,,,,,,,not_simulated_replicated,,,,,,,,23da4e19,rtl/stream-column/fpga_zcu104/multicore/results/23da4e19/ifn9_8/
replicated_OOC,wpn16_capacity_23da4e19,Conv4x4,WPN16,wpn16_OOC,1,8,8,20,317,0.011,0.000,true,8678,3.77,2647,0.57,0,not_run_OOC_only,,,,,,,,,not_simulated_replicated,,,,,,,,23da4e19,rtl/stream-column/fpga_zcu104/multicore/results/23da4e19/wpn16_1/
replicated_OOC,wpn16_capacity_23da4e19,Conv4x4,WPN16,wpn16_OOC,2,8,16,20,317,-0.139,-2.729,false,17243,7.48,5294,1.15,0,not_run_OOC_only,,,,,,,,,not_simulated_replicated,,,,,,,,23da4e19,rtl/stream-column/fpga_zcu104/multicore/results/23da4e19/wpn16_2/
replicated_OOC,wpn16_capacity_23da4e19,Conv4x4,WPN16,wpn16_OOC,3,8,24,20,317,-0.176,-12.443,false,25990,11.28,7945,1.72,0,not_run_OOC_only,,,,,,,,,not_simulated_replicated,,,,,,,,23da4e19,rtl/stream-column/fpga_zcu104/multicore/results/23da4e19/wpn16_3/
replicated_OOC,wpn16_capacity_23da4e19,Conv4x4,WPN16,wpn16_OOC,4,8,32,20,317,-0.152,-6.095,false,34207,14.85,10596,2.30,0,not_run_OOC_only,,,,,,,,,not_simulated_replicated,,,,,,,,23da4e19,rtl/stream-column/fpga_zcu104/multicore/results/23da4e19/wpn16_4/
replicated_OOC,ifn9_m18_capacity_ab5dee07,Conv3x3,IFN9,ifn9_m18_OOC,1,18,18,16,317,0.049,0.000,true,5721,2.48,1841,0.40,0,not_run_OOC_only,,,,,,,,,not_simulated_replicated,,,,,,,,ab5dee07,rtl/stream-column/fpga_zcu104/multicore/results/ab5dee07/ifn9_m18_1/
replicated_OOC,ifn9_m18_capacity_ab5dee07,Conv3x3,IFN9,ifn9_m18_OOC,10,18,180,16,317,0.082,0.000,true,57310,24.87,19002,4.12,0,not_run_OOC_only,,,,,,,,,not_simulated_replicated,,,,,,,,ab5dee07,rtl/stream-column/fpga_zcu104/multicore/results/ab5dee07/ifn9_m18_10/
replicated_OOC,ifn9_m18_capacity_ab5dee07,Conv3x3,IFN9,ifn9_m18_OOC,12,18,216,16,317,0.01,0.000,true,68861,29.89,22219,4.82,0,not_run_OOC_only,,,,,,,,,not_simulated_replicated,,,,,,,,ab5dee07,rtl/stream-column/fpga_zcu104/multicore/results/ab5dee07/ifn9_m18_12/
replicated_OOC,ifn9_m18_capacity_ab5dee07,Conv3x3,IFN9,ifn9_m18_OOC,13,18,234,16,317,-0.115,-0.658,false,74462,32.32,23933,5.19,0,not_run_OOC_only,,,,,,,,,not_simulated_replicated,,,,,,,,ab5dee07,rtl/stream-column/fpga_zcu104/multicore/results/ab5dee07/ifn9_m18_13/
replicated_OOC,ifn9_m18_capacity_ab5dee07,Conv3x3,IFN9,ifn9_m18_OOC,14,18,252,16,317,0.019,0.000,true,80389,34.89,26014,5.65,0,not_run_OOC_only,,,,,,,,,not_simulated_replicated,,,,,,,,ab5dee07,rtl/stream-column/fpga_zcu104/multicore/results/ab5dee07/ifn9_m18_14/
replicated_OOC,ifn9_m18_capacity_ab5dee07,Conv3x3,IFN9,ifn9_m18_OOC,15,18,270,16,317,0.023,0.000,true,86577,37.58,27855,6.04,0,not_run_OOC_only,,,,,,,,,not_simulated_replicated,,,,,,,,ab5dee07,rtl/stream-column/fpga_zcu104/multicore/results/ab5dee07/ifn9_m18_15/
replicated_OOC,ifn9_m18_capacity_ab5dee07,Conv3x3,IFN9,ifn9_m18_OOC,16,18,288,16,317,-0.058,-0.196,false,92130,39.99,29454,6.39,0,not_run_OOC_only,,,,,,,,,not_simulated_replicated,,,,,,,,ab5dee07,rtl/stream-column/fpga_zcu104/multicore/results/ab5dee07/ifn9_m18_16/
replicated_OOC,ifn9_m18_capacity_ab5dee07,Conv3x3,IFN9,ifn9_m18_OOC,2,18,36,16,317,0.104,0.000,true,11508,4.99,3794,0.82,0,not_run_OOC_only,,,,,,,,,not_simulated_replicated,,,,,,,,ab5dee07,rtl/stream-column/fpga_zcu104/multicore/results/ab5dee07/ifn9_m18_2/
replicated_OOC,ifn9_m18_capacity_ab5dee07,Conv3x3,IFN9,ifn9_m18_OOC,4,18,72,16,317,0.047,0.000,true,22920,9.95,7604,1.65,0,not_run_OOC_only,,,,,,,,,not_simulated_replicated,,,,,,,,ab5dee07,rtl/stream-column/fpga_zcu104/multicore/results/ab5dee07/ifn9_m18_4/
replicated_OOC,ifn9_m18_capacity_ab5dee07,Conv3x3,IFN9,ifn9_m18_OOC,6,18,108,16,317,0.058,0.000,true,34314,14.89,11798,2.56,0,not_run_OOC_only,,,,,,,,,not_simulated_replicated,,,,,,,,ab5dee07,rtl/stream-column/fpga_zcu104/multicore/results/ab5dee07/ifn9_m18_6/
replicated_OOC,ifn9_m18_capacity_ab5dee07,Conv3x3,IFN9,ifn9_m18_OOC,8,18,144,16,317,0.101,0.000,true,45955,19.95,15192,3.30,0,not_run_OOC_only,,,,,,,,,not_simulated_replicated,,,,,,,,ab5dee07,rtl/stream-column/fpga_zcu104/multicore/results/ab5dee07/ifn9_m18_8/
replicated_OOC,wpn16_32core_followup,Conv4x4,WPN16,wpn16_m08_N32_baseline,32,8,256,16,220,0.191,,,209920,91.11,64680,14.04,0,not_run_OOC_only,,,,,,,,,no_replicated_postroute_golden,,,,,,,,a75f073eb0c16b602a9c023bf6d1344a20a90e8,rtl/conv4x4/fpga_zcu104/results/wpn16-n32-capacity-a75f073.md
replicated_OOC,wpn16_32core_followup,Conv4x4,WPN16,wpn16_m08_pipe_both_N32,32,8,256,16,317,0.043,,true,180060,78.15,99813,21.66,0,not_run_OOC_only,,,,,,,,,no_replicated_postroute_golden,,,,,,,,94eb5f854f9ff06781317e3ef894b3e19f93c489,rtl/conv4x4/fpga_zcu104/results/wpn16-n32-pipeboth-317mhz-94eb5f85.md
replicated_OOC,wpn16_32core_followup,Conv4x4,WPN16,wpn16_m08_pipe_feature_weight_acc_N32,32,8,256,16,317,0.071,,true,184069,79.89,100535,21.82,0,not_run_OOC_only,,,,,,,,,no_replicated_postroute_golden,,,,,,,,dbeaa1b0,rtl/conv4x4/fpga_zcu104/results/wpn16-n32-inverse-acc-pipe-317mhz-dbeaa1b0.md
replicated_OOC,wpn16_32core_followup,Conv4x4,WPN16,wpn16_m08_pipe_feature_only_N32,32,8,256,16,317,-0.449,,false,207352,90.00,88104,19.12,0,not_run_OOC_only,,,,,,,,,no_replicated_postroute_golden,,,,,,,,5dad37b9,rtl/conv4x4/fpga_zcu104/results/wpn16-n32-featurepipe-5dad37b9.md
