config	logical_rc	sim_rc	completion	period	power_rc	power_report
rtl/conv2x2/synthesis/conv-i16-h16-t16-o4-m08-std	0	0	FAIL	2.000	SKIP	SIM_CHECK_FAILED
rtl/conv2x2/synthesis/conv-i16-h16-t16-o4-m08-std	0	0	PASS	2.000	0	PASS
rtl/conv2x2/synthesis/conv-i16-h13-t08-o4-m08-stream08-wstream4	0	2	FAIL	2.000	SKIP	SIM_CHECK_FAILED
rtl/conv2x2/synthesis/conv-i16-h16-t00-o4-m08-stream00	127	SKIP	LOGICAL_FAILED	NA	SKIP	LOGICAL_FAILED
rtl/conv2x2/synthesis/conv-i16-h16-t00-o4-m16-all	127	SKIP	LOGICAL_FAILED	NA	SKIP	LOGICAL_FAILED
rtl/conv2x2/synthesis/conv-i16-h16-t04-o4-m08-stream04	0	0	PASS	2.000	0	PASS
rtl/conv2x2/synthesis/conv-i16-h16-t08-o4-m08-stream08	127	SKIP	LOGICAL_FAILED	NA	SKIP	LOGICAL_FAILED
rtl/conv2x2/synthesis/conv-i20-h13-t08-o4-m08-stream08-prefetch4-rowconst4	0	2	FAIL	2.000	SKIP	SIM_CHECK_FAILED
rtl/conv2x2/synthesis/conv-i20-h16-t08-o4-m08-stream08-prefetch4	0	0	PASS	2.000	0	PASS
rtl/conv3x3/synthesis/conv/asic-sweep-20261003-ifn9-m06	0	0	PASS	2.000	0	PASS
rtl/conv3x3/synthesis/conv/asic-sweep-20261003-ifn9-m12	0	0	PASS	2.000	0	PASS
rtl/conv3x3/synthesis/conv/asic-sweep-20261003-ifn9-m18	0	0	PASS	2.000	0	PASS
rtl/conv3x3/synthesis/conv/asic-sweep-20261003-tcn9-m05	0	0	PASS	2.000	0	PASS
rtl/conv3x3/synthesis/conv/ifn9-06mac	127	SKIP	LOGICAL_FAILED	NA	SKIP	LOGICAL_FAILED
rtl/conv4x4/synthesis/conv/asic-sweep-20261003-tcn16-m06	0	0	PASS	2.000	0	PASS
rtl/conv4x4/synthesis/conv/asic-sweep-20261003-tcn16-m12	0	0	PASS	2.000	0	PASS
rtl/conv4x4/synthesis/conv/asic-sweep-20261003-tcn16-m18	0	0	PASS	2.000	0	PASS
rtl/conv4x4/synthesis/conv/asic-sweep-20261003-wpn16-m08	0	0	PASS	2.000	0	PASS
rtl/conv4x4/synthesis/conv/asic-sweep-20261003-wpn16-m16	0	0	PASS	2.000	0	PASS
rtl/conv4x4/synthesis/conv/asic-sweep-20261003-wpn16-m32	0	0	PASS	2.000	0	PASS
rtl/conv4x4/synthesis/conv/tcn16-18mac	127	SKIP	LOGICAL_FAILED	NA	SKIP	LOGICAL_FAILED
